phase,flux,flux_err,model_flux
0.005,0.9354226774578611,0.008,0.9355051917610998
0.009974874371859297,0.925482445002091,0.008,0.9362615709546265
0.014949748743718592,0.9554662879506759,0.008,0.9372691778554574
0.01992462311557789,0.9374426436365134,0.008,0.9385251713746814
0.024899497487437187,0.9397675670396545,0.008,0.9400257367569633
0.029874371859296485,0.9521173328638632,0.008,0.9417660994175013
0.034849246231155775,0.9581124436116256,0.008,0.9437405425332202
0.03982412060301507,0.9507824058688776,0.008,0.9459424283205103
0.04479899497487437,0.9587572581761047,0.008,0.9483642229174171
0.04977386934673367,0.9542566596527502,0.008,0.9509975247740884
0.054748743718592965,0.9604446133957858,0.008,0.953833096441583
0.05972361809045226,0.9584860277478301,0.008,0.9568608996358529
0.06469849246231156,0.9596784054641752,0.008,0.960070133440906
0.06967336683417086,0.9541705271547118,0.008,0.9634492755028855
0.07464824120603016,0.9695288139238942,0.008,0.9669861260551003
0.07962311557788945,0.9656866292708886,0.008,0.9706678546029714
0.08459798994974875,0.9679424117114444,0.008,0.9744810490874565
0.08957286432160805,0.9837564260115351,0.008,0.9784117673358094
0.09454773869346735,0.9851046899441165,0.008,0.9824455905995889
0.09952261306532664,0.988872065895542,0.008,0.9865676789716562
0.10449748743718594,1.0027569971335986,0.008,0.9907628284665407
0.10947236180904524,0.9827067042768006,0.008,0.9950155295420438
0.11444723618090454,1.0087049627251088,0.008,0.9993100268342932
0.11942211055276383,0.9952701483697506,0.008,1.003630379873707
0.12439698492462312,1.0026023638172534,0.008,1.0079605245454712
0.1293718592964824,1.0193016262790546,0.008,1.0122843350552035
0.1343467336683417,1.0288680999023203,0.008,1.0165856861584825
0.13932160804020102,1.0232367936934423,0.008,1.0208485154118725
0.1442964824120603,1.032159283542932,0.008,1.0250568852029545
0.14927135678391962,1.0425808785826793,0.008,1.0291950443177278
0.1542462311557789,1.0310635376214374,0.008,1.0332474888055245
0.1592211055276382,1.041929767934234,0.008,1.0371990219042908
0.1641959798994975,1.0249200323986605,0.008,1.0410348127927467
0.16917085427135678,1.045343418353246,0.008,1.0447404539404859
0.1741457286432161,1.0487989692073643,0.008,1.0483020168325305
0.17912060301507537,1.0565806746970086,0.008,1.0517061058511734
0.18409547738693469,1.0595780655704974,0.008,1.0549399101051213
0.18907035175879397,1.0603804996283506,0.008,1.0579912530039393
0.19404522613065328,1.0490410173014417,0.008,1.0608486393845686
0.19902010050251256,1.0647223870800135,0.008,1.0635013000062425
0.20399497487437188,1.0649070739255526,0.008,1.065939233240357
0.20896984924623116,1.0740996028865282,0.008,1.068153243792795
0.21394472361809047,1.0616717493424097,0.008,1.0701349783077645
0.21891959798994975,1.07918381591753,0.008,1.0718769577143545
0.22389447236180907,1.084329487278211,0.008,1.0733726061897202
0.22886934673366835,1.0799311301731271,0.008,1.0746162766259886
0.23384422110552766,1.0757754435723197,0.008,1.0756032725016036
0.23881909547738694,1.083530052245348,0.008,1.0763298660718494
0.24379396984924623,1.0799308185647167,0.008,1.0767933128076335
0.24876884422110554,1.0725457641324905,0.008,1.0769918620262433
0.2537437185929648,1.0908013951958704,0.008,1.0769247636726311
0.25871859296482413,1.073745962073187,0.008,1.0765922712247877
0.2636934673366834,1.0728179716029482,0.008,1.0759956407118814
0.2686683417085427,1.0615541346316744,0.008,1.0751371258489888
0.27364321608040204,1.0802810789484132,0.008,1.0740199693073833
0.2786180904522613,1.0693116183523892,0.008,1.072648390154419
0.2835929648241206,1.0636295738109642,0.008,1.0710275675119685
0.2885678391959799,1.0794962925130096,0.008,1.0691636204971302
0.29354271356783923,1.062457953768758,0.008,1.0670635845233991
0.2985175879396985,1.0619701708671807,0.008,1.0647353840546896
0.3034924623115578,1.0663948762733453,0.008,1.0621878019184285
0.3084673366834171,1.0869907754450985,0.008,1.0594304452973373
0.3134422110552764,1.0637845915349449,0.008,1.0564737085324813
0.3184170854271357,1.0695363853751219,0.008,1.053328732882577
0.323391959798995,1.06016181600655,0.008,1.05000736339642
0.32836683417085427,1.0464644995583454,0.008,1.0465221030665437
0.33334170854271356,1.0347223287501366,0.008,1.0428860644427984
0.3383165829145729,1.0518767071959894,0.008,1.0391129188944532
0.3432914572864322,1.0345568612218397,0.008,1.0352168437185685
0.34826633165829146,1.0197258296229843,0.008,1.031212467300774
0.35324120603015075,1.0226052531972714,0.008,1.0271148125421738
0.3582160804020101,1.0246775573220923,0.008,1.0229392387728404
0.36319095477386937,1.0159053936555542,0.008,1.018701382378246
0.36816582914572865,1.0118695964340945,0.008,1.0144170963699872
0.37314070351758793,1.0122729375581634,0.008,1.0101023891362466
0.3781155778894473,1.0178449878243625,0.008,1.0057733626106264
0.38309045226130656,0.9979921966527039,0.008,1.0014461501002285
0.38806532663316584,1.0061971360058317,0.008,0.9971368540151624
0.3930402010050251,1.001818042145195,0.008,0.992861483742032
0.39801507537688446,0.9861179275140568,0.008,0.9886358939033575
0.40298994974874375,0.9928651970259813,0.008,0.9844757232433643
0.40796482412060303,0.9726812323809252,0.008,0.9803963343781007
0.4129396984924623,0.9724728893729544,0.008,0.976412754644451
0.4179145728643216,0.9691302815102835,0.008,0.9725396182782919
0.42288944723618094,0.9742988478686349,0.008,0.9687911101468377
0.4278643216080402,0.9552126806784771,0.008,0.9651809112541184
0.4328391959798995,0.969478150878498,0.008,0.961722146231602
0.4378140703517588,0.9571739934525252,0.008,0.9584273330181882
0.4427889447236181,0.9607996555596636,0.008,0.9553083349252428
0.4477638190954774,0.9585458005916421,0.008,0.9523763152730014
0.4527386934673367,0.945279361138452,0.008,0.9496416947746137
0.457713567839196,0.9536493387206527,0.008,0.9471141118333547
0.4626884422110553,0.9415683706044159,0.008,0.9448023859071313
0.4676633165829146,0.9419667493520638,0.008,0.9427144840824228
0.4726381909547739,0.9447102476543585,0.008,0.9408574909872414
0.47761306532663317,0.938620163762107,0.008,0.9392375821596465
0.48258793969849245,0.9381669176230453,0.008,0.9378600009748387
0.4875628140703518,0.9367913699795939,0.008,0.9367290392199471
0.4925376884422111,0.9492312450753125,0.008,0.9358480213913694
0.49751256281407036,0.9263485242527867,0.008,0.9352192927749725
0.5024874371859296,0.9396832381526631,0.008,0.9348442113546812
0.507462311557789,0.9339716628266204,0.008,0.9347231435800207
0.5124371859296483,0.9387009518228686,0.008,0.9348554640081009
0.5174120603015075,0.9463224234103786,0.008,0.9352395588203896
0.5223869346733668,0.9391255907361951,0.008,0.935872833199492
0.5273618090452261,0.9412121293631841,0.008,0.9367517225360618
0.5323366834170854,0.9380880036388156,0.008,0.9378717074210187
0.5373115577889448,0.9427345405767263,0.008,0.9392273323634566
0.5422864321608041,0.9422191761912043,0.008,0.9408122281600717
0.5472613065326634,0.9379897818999415,0.008,0.9426191378276895
0.5522361809045226,0.9344623406480288,0.008,0.9446399459965413
0.5572110552763819,0.9410833426579505,0.008,0.9468657116484404
0.5621859296482412,0.9546746130490533,0.008,0.9492867040709386
0.5671608040201005,0.9703611060714062,0.008,0.9518924418859943
0.5721356783919598,0.967783527424257,0.008,0.9546717349996791
0.5771105527638191,0.9608288710537507,0.008,0.9576127293080497
0.5820854271356785,0.9665363334944579,0.008,0.9607029539835572
0.5870603015075377,0.9747201674558241,0.008,0.963929371156293
0.592035175879397,0.9582629510627468,0.008,0.9672784277950356
0.5970100502512563,0.9640053701148905,0.008,0.9707361095844755
0.6019849246231156,0.9731110094104221,0.008,0.9742879965872173
0.6069597989949749,0.9615328534323081,0.008,0.9779193204722005
0.6119346733668342,0.9756326924532261,0.008,0.9816150230850795
0.6169095477386934,0.9715825500181523,0.008,0.9853598161308765
0.6218844221105528,1.0106647788728569,0.008,0.9891382417348985
0.6268592964824121,0.9999107732590904,0.008,0.9929347336444945
0.6318341708542714,1.0046573727282555,0.008,0.9967336788317526
0.6368090452261307,1.0150024488308635,0.008,1.0005194792556837
0.64178391959799,1.0066134033074516,0.008,1.0042766135418464
0.6467587939698493,1.0025820073979816,0.008,1.0079896983377072
0.6517336683417085,1.0014847637308557,0.008,1.0116435491033282
0.6567085427135678,1.0275541657126719,0.008,1.0152232400991958
0.6616834170854271,1.0161027772071294,0.008,1.0187141633361767
0.6666582914572865,1.0319668348014008,0.008,1.0221020862566599
0.6716331658291458,1.023083325908284,0.008,1.0253732079209348
0.6766080402010051,1.0314251976640094,0.008,1.0285142134787155
0.6815829145728644,1.024766569316392,0.008,1.031512326712454
0.6865577889447236,1.0402412153477685,0.008,1.0343553604466484
0.6915326633165829,1.0496801674103013,0.008,1.0370317646257103
0.6965075376884422,1.0406718614484398,0.008,1.039530671872106
0.7014824120603015,1.0391732078198253,0.008,1.04184194034635
0.7064572864321609,1.0413097208482855,0.008,1.043956193741003
0.7114321608040202,1.0542531214395754,0.008,1.0458648582520653
0.7164070351758794,1.0511543398679792,0.008,1.047560196382979
0.7213819095477387,1.0501087854209048,0.008,1.049035337448871
0.726356783919598,1.0413094137546415,0.008,1.050284304661593
0.7313316582914573,1.049183119369869,0.008,1.0513020386894953
0.7363065326633166,1.05369142550427,0.008,1.0520844175996895
0.7412814070351759,1.0601510090984683,0.008,1.052628273104708
0.7462562814070351,1.0607755166327133,0.008,1.0529314030499501
0.7512311557788945,1.0579138810197435,0.008,1.0529925800930195
0.7562060301507538,1.054986700048372,0.008,1.0528115565409664
0.7611809045226131,1.046137946704693,0.008,1.0523890653264976
0.7661557788944724,1.035883882233144,0.008,1.051726817119329
0.7711306532663317,1.0607743926268631,0.008,1.050827493583995
0.776105527638191,1.0588503723196667,0.008,1.0496947368105092
0.7810804020100502,1.0588695058239501,0.008,1.0483331349592646
0.7860552763819095,1.047107552808597,0.008,1.0467482041763767
0.7910301507537689,1.0513786825856093,0.008,1.0449463668502879
0.7960050251256282,1.0601394179126895,0.008,1.0429349262947643
0.8009798994974875,1.051490627999225,0.008,1.040722037957424
0.8059547738693468,1.03702985147966,0.008,1.0383166772665329
0.8109296482412061,1.0339239253850507,0.008,1.0357286042419738
0.8159045226130653,1.0240651969962764,0.008,1.032968325008971
0.8208793969849246,1.013980953497816,0.008,1.0300470503652785
0.8258542713567839,1.031841514202245,0.008,1.026976651564088
0.8308291457286432,1.020058303280638,0.008,1.0237696134858167
0.8358040201005026,1.027024626622444,0.008,1.0204389853821765
0.8407788944723619,1.0182166948274112,0.008,1.0169983293854232
0.8457537688442212,1.0267159563573696,0.008,1.0134616669844643
0.8507286432160804,1.0060470287311636,0.008,1.0098434236774627
0.8557035175879397,0.9974768603807954,0.008,1.006158372017733
0.860678391959799,1.00482334523425,0.008,1.0024215732760269
0.8656532663316583,1.0122060958780001,0.008,0.9986483179477433
0.8706281407035176,0.985249365781952,0.008,0.9948540653381323
0.875603015075377,0.9839679847120916,0.008,0.9910543824621911
0.8805778894472363,0.9810749345390067,0.008,0.9872648824986612
0.8855527638190955,0.9811410989633318,0.008,0.9835011630392838
0.8905276381909548,0.9801547883242282,0.008,0.979778744375319
0.8955025125628141,0.9810322028648322,0.008,0.9761130080631885
0.9004773869346734,0.978797042635034,0.008,0.9725191360100501
0.9054522613065327,0.9585370055032941,0.008,0.9690120503180937
0.910427135678392,0.9680058398851948,0.008,0.9656063541234053
0.9154020100502512,0.9561683379797024,0.008,0.9623162736613884
0.9203768844221106,0.9534580569103752,0.008,0.9591556017859448
0.9253517587939699,0.9522317636709349,0.008,0.9561376431639689
0.9303266331658292,0.9552913781576033,0.008,0.9532751613601737
0.9353015075376885,0.9434919276841077,0.008,0.9505803280199001
0.9402763819095478,0.9429308777350802,0.008,0.9480646743493811
0.945251256281407,0.9381302287995887,0.008,0.9457390450839694
0.9502261306532663,0.9422783485053382,0.008,0.9436135551251305
0.9552010050251256,0.9439079606691008,0.008,0.9416975490165911
0.9601758793969849,0.9277597155385098,0.008,0.9399995634189505
0.9651507537688443,0.9391027778404984,0.008,0.938527292730361
0.9701256281407036,0.9321057770509767,0.008,0.9372875579885952
0.9751005025125629,0.9369666267068447,0.008,0.9362862791770186
0.9800753768844221,0.9376130289103093,0.008,0.9355284510436824
0.9850502512562814,0.9285195112158391,0.008,0.9350181225290419
0.9900251256281407,0.9182653094215404,0.008,0.9347583798837069
0.995,0.9445284207768224,0.008,0.9347513335432248
